[1,["9594wedhhFYpExMXOKuiWX"],0,[["sp.SkeletonData",["_name","_atlasText","textureNames","_skeletonJson","textures"],-1,3]],[[0,0,1,2,3,4,5]],[[0,"xocdia_ingame","\nxocdia_ingame.png\nsize: 512,1024\nformat: RGBA8888\nfilter: Linear,Linear\nrepeat: none\náda\n  rotate: false\n  xy: 303, 1\n  size: 133, 131\n  orig: 133, 131\n  offset: 0, 0\n  index: -1\ne1\n  rotate: false\n  xy: 1, 110\n  size: 300, 107\n  orig: 300, 107\n  offset: 0, 0\n  index: -1\nl2\n  rotate: false\n  xy: 1, 219\n  size: 300, 107\n  orig: 300, 107\n  offset: 0, 0\n  index: -1\nl1\n  rotate: false\n  xy: 1, 1\n  size: 300, 107\n  orig: 300, 107\n  offset: 0, 0\n  index: -1\nab\n  rotate: false\n  xy: 303, 134\n  size: 86, 88\n  orig: 86, 88\n  offset: 0, 0\n  index: -1\nac\n  rotate: false\n  xy: 1, 623\n  size: 80, 89\n  orig: 80, 89\n  offset: 0, 0\n  index: -1\nach\n  rotate: false\n  xy: 303, 224\n  size: 80, 94\n  orig: 80, 94\n  offset: 0, 0\n  index: -1\nar\n  rotate: false\n  xy: 385, 224\n  size: 77, 95\n  orig: 77, 95\n  offset: 0, 0\n  index: -1\nbong\n  rotate: false\n  xy: 252, 564\n  size: 249, 57\n  orig: 249, 57\n  offset: 0, 0\n  index: -1\nComp 1_00003\n  rotate: false\n  xy: 1, 328\n  size: 249, 57\n  orig: 249, 57\n  offset: 0, 0\n  index: -1\nComp 1_00004\n  rotate: false\n  xy: 252, 446\n  size: 249, 57\n  orig: 249, 57\n  offset: 0, 0\n  index: -1\nComp 1_00005\n  rotate: false\n  xy: 1, 564\n  size: 249, 57\n  orig: 249, 57\n  offset: 0, 0\n  index: -1\nComp 1_00006\n  rotate: false\n  xy: 1, 446\n  size: 249, 57\n  orig: 249, 57\n  offset: 0, 0\n  index: -1\nComp 1_00007\n  rotate: false\n  xy: 1, 387\n  size: 249, 57\n  orig: 249, 57\n  offset: 0, 0\n  index: -1\nComp 1_00008\n  rotate: false\n  xy: 252, 328\n  size: 249, 57\n  orig: 249, 57\n  offset: 0, 0\n  index: -1\nComp 1_00009\n  rotate: false\n  xy: 1, 505\n  size: 249, 57\n  orig: 249, 57\n  offset: 0, 0\n  index: -1\nComp 1_00010\n  rotate: false\n  xy: 252, 387\n  size: 249, 57\n  orig: 249, 57\n  offset: 0, 0\n  index: -1\nComp 1_00011\n  rotate: false\n  xy: 252, 505\n  size: 249, 57\n  orig: 249, 57\n  offset: 0, 0\n  index: -1\n",["xocdia_ingame.png"],{"skeleton":{"width":300,"height":144.47,"fps":24,"hash":" ","name":"Armature"},"bones":[{"name":"root"},{"length":66.89999999999999,"x":27.45,"y":0.81,"rotation":62.3178,"name":"ar","parent":"root"},{"length":67.2,"x":-26.655,"y":-1.065,"rotation":115.7503,"name":"ab","parent":"root"},{"length":68.1,"x":-10.125,"y":5.595,"rotation":96.9624,"name":"ac","parent":"root"},{"length":74.39999999999999,"x":9.33,"y":5.865,"rotation":76.1648,"name":"ach","parent":"root"},{"length":167.7,"x":0.78,"y":1.155,"rotation":43.703,"name":"áda","parent":"root"}],"slots":[{"name":"áda","bone":"áda","attachment":"áda"},{"name":"e1","bone":"root","attachment":"e1"},{"name":"l2","bone":"root","attachment":"l2"},{"name":"l1","bone":"root","attachment":"l1"},{"name":"ab","bone":"ab","attachment":"ab"},{"name":"ac","bone":"ac","attachment":"ac"},{"name":"ach","bone":"ach","attachment":"ach"},{"name":"ar","bone":"ar","attachment":"ar"},{"name":"bong","bone":"root","attachment":"bong"},{"name":"Comp 1_00003","bone":"root","attachment":"Comp 1_00003"},{"name":"Comp 1_00004","bone":"root","attachment":"Comp 1_00004"},{"name":"Comp 1_00005","bone":"root","attachment":"Comp 1_00005"},{"name":"Comp 1_00006","bone":"root","attachment":"Comp 1_00006"},{"name":"Comp 1_00007","bone":"root","attachment":"Comp 1_00007"},{"name":"Comp 1_00008","bone":"root","attachment":"Comp 1_00008"},{"name":"Comp 1_00009","bone":"root","attachment":"Comp 1_00009"},{"name":"Comp 1_00010","bone":"root","attachment":"Comp 1_00010"},{"name":"Comp 1_00011","bone":"root","attachment":"Comp 1_00011"}],"skins":{"default":{"Comp 1_00004":{"Comp 1_00004":{"name":"Comp 1_00004","width":249,"height":57,"hull":4,"type":"mesh","triangles":[1,0,3,0,2,3],"uvs":[0,0,1,0,0,1,1,1],"edges":[0,2,2,6,4,6,4,0],"vertices":[-124.5,28.35,124.5,28.35,-124.5,-28.35,124.5,-28.35]}},"l1":{"l1":{"name":"l1","width":300,"height":107,"hull":4,"type":"mesh","triangles":[1,0,3,0,2,3],"uvs":[0,0,1,0,0,1,1,1],"edges":[0,2,2,6,4,6,4,0],"vertices":[-150,53.25,150,53.25,-150,-53.25,150,-53.25]}},"Comp 1_00006":{"Comp 1_00006":{"name":"Comp 1_00006","width":249,"height":57,"hull":4,"type":"mesh","triangles":[1,0,3,0,2,3],"uvs":[0,0,1,0,0,1,1,1],"edges":[0,2,2,6,4,6,4,0],"vertices":[-124.5,28.35,124.5,28.35,-124.5,-28.35,124.5,-28.35]}},"ac":{"ac":{"name":"ac","width":80,"height":89,"hull":4,"type":"mesh","triangles":[0,3,1,1,3,2],"uvs":[0.06925,0.09513,0.75321,0.02752,0.91038,0.92013,0.16358,0.97836],"edges":[0,2,2,4,4,6,6,0],"vertices":[70.78,30.16,70.19,-24.54,-10.54,-27.27,-8.51,32.29]}},"Comp 1_00008":{"Comp 1_00008":{"name":"Comp 1_00008","width":249,"height":57,"hull":4,"type":"mesh","triangles":[1,0,3,0,2,3],"uvs":[0,0,1,0,0,1,1,1],"edges":[0,2,2,6,4,6,4,0],"vertices":[-124.5,28.35,124.5,28.35,-124.5,-28.35,124.5,-28.35]}},"ar":{"ar":{"name":"ar","width":77,"height":95,"hull":7,"type":"mesh","triangles":[1,0,2,0,6,2,5,3,2,6,5,2,5,4,3],"uvs":[0.39322,0.01148,1,0.23412,1,0.41541,0.63547,1,0,0.77123,0,0.57044,0.27209,0.06368],"edges":[0,2,2,4,4,6,6,8,8,10,10,12,12,0],"vertices":[68.57,29.22,71.58,-22.24,56.27,-30.28,-6.23,-31.2,-9.75,22.49,7.21,31.39,59.81,35.2]}},"Comp 1_00010":{"Comp 1_00010":{"name":"Comp 1_00010","width":249,"height":57,"hull":4,"type":"mesh","triangles":[1,0,3,0,2,3],"uvs":[0,0,1,0,0,1,1,1],"edges":[0,2,2,6,4,6,4,0],"vertices":[-124.5,28.35,124.5,28.35,-124.5,-28.35,124.5,-28.35]}},"Comp 1_00003":{"Comp 1_00003":{"name":"Comp 1_00003","width":249,"height":57,"hull":4,"type":"mesh","triangles":[1,0,3,0,2,3],"uvs":[0,0,1,0,0,1,1,1],"edges":[0,2,2,6,4,6,4,0],"vertices":[-124.5,28.35,124.5,28.35,-124.5,-28.35,124.5,-28.35]}},"e1":{"e1":{"name":"e1","width":300,"height":107,"hull":4,"type":"mesh","triangles":[1,0,3,0,2,3],"uvs":[0,0,1,0,0,1,1,1],"edges":[0,2,2,6,4,6,4,0],"vertices":[-150,53.25,150,53.25,-150,-53.25,150,-53.25]}},"l2":{"l2":{"name":"l2","width":300,"height":107,"hull":4,"type":"mesh","triangles":[1,0,3,0,2,3],"uvs":[0,0,1,0,0,1,1,1],"edges":[0,2,2,6,4,6,4,0],"vertices":[-150,53.25,150,53.25,-150,-53.25,150,-53.25]}},"Comp 1_00005":{"Comp 1_00005":{"name":"Comp 1_00005","width":249,"height":57,"hull":4,"type":"mesh","triangles":[1,0,3,0,2,3],"uvs":[0,0,1,0,0,1,1,1],"edges":[0,2,2,6,4,6,4,0],"vertices":[-124.5,28.35,124.5,28.35,-124.5,-28.35,124.5,-28.35]}},"ab":{"ab":{"name":"ab","width":86,"height":88,"hull":8,"type":"mesh","triangles":[2,4,6,0,2,6,7,0,6,6,4,5,2,3,4,1,2,0],"uvs":[0.59493,0,0.07045,0.20959,0.11661,0.35223,0.43951,1,0.61434,0.98493,0.99983,0.74469,0.99983,0.64247,0.69441,0],"edges":[0,2,2,4,4,6,6,8,8,10,10,12,12,14,14,0],"vertices":[69.76,-17.33,72.78,31.18,59.8,33.04,-3.34,32.74,-8.67,18.65,-4.09,-20.28,3.98,-24.17,66.06,-25.02]}},"Comp 1_00007":{"Comp 1_00007":{"name":"Comp 1_00007","width":249,"height":57,"hull":4,"type":"mesh","triangles":[1,0,3,0,2,3],"uvs":[0,0,1,0,0,1,1,1],"edges":[0,2,2,6,4,6,4,0],"vertices":[-124.5,28.35,124.5,28.35,-124.5,-28.35,124.5,-28.35]}},"ach":{"ach":{"name":"ach","width":80,"height":94,"hull":5,"type":"mesh","triangles":[4,3,2,4,2,1,0,4,1],"uvs":[0.19417,0.01619,0.89906,0.08301,0.72951,0.94663,0.01654,0.85737,0.13139,0.05849],"edges":[0,2,2,4,4,6,6,8,8,0],"vertices":[67.94,32.01,75.31,-24.1,-6.41,-30.3,-11.9,26.95,62.89,35.93]}},"Comp 1_00009":{"Comp 1_00009":{"name":"Comp 1_00009","width":249,"height":57,"hull":4,"type":"mesh","triangles":[1,0,3,0,2,3],"uvs":[0,0,1,0,0,1,1,1],"edges":[0,2,2,6,4,6,4,0],"vertices":[-124.5,28.35,124.5,28.35,-124.5,-28.35,124.5,-28.35]}},"bong":{"bong":{"name":"bong","width":249,"height":57,"hull":4,"type":"mesh","triangles":[1,0,3,0,2,3],"uvs":[0,0,1,0,0,1,1,1],"edges":[0,2,2,6,4,6,4,0],"vertices":[-124.5,28.35,124.5,28.35,-124.5,-28.35,124.5,-28.35]}},"áda":{"áda":{"name":"áda","width":133,"height":131,"hull":4,"type":"mesh","triangles":[1,0,3,0,2,3],"uvs":[0,0,1,0,0,1,1,1],"edges":[0,2,2,6,4,6,4,0],"vertices":[-3.28,173,175.84,2.49,-171.48,-3.7,7.64,-174.21]}},"Comp 1_00011":{"Comp 1_00011":{"name":"Comp 1_00011","width":249,"height":57,"hull":4,"type":"mesh","triangles":[1,0,3,0,2,3],"uvs":[0,0,1,0,0,1,1,1],"edges":[0,2,2,6,4,6,4,0],"vertices":[-124.5,28.35,124.5,28.35,-124.5,-28.35,124.5,-28.35]}}}},"animations":{"animtion0":{"bones":{"ar":{"rotate":[{"time":0,"angle":0},{"time":0.8333,"angle":10.78},{"time":1.6666,"angle":0},{"time":2.4999,"angle":10.78},{"time":3.3332,"angle":0}],"shear":[{"time":0},{"time":0.8333},{"time":1.6666},{"time":2.4999},{"time":3.3332}]},"ab":{"rotate":[{"time":0,"angle":0},{"time":0.8333,"angle":-12.03},{"time":1.6666,"angle":0},{"time":2.4999,"angle":-12.03},{"time":3.3332,"angle":0}],"shear":[{"time":0},{"time":0.8333},{"time":1.6666},{"time":2.4999},{"time":3.3332}]},"ac":{"rotate":[{"time":0,"angle":0},{"time":0.8333,"angle":-4.77},{"time":1.6666,"angle":0},{"time":2.4999,"angle":-4.77},{"time":3.3332,"angle":0}],"shear":[{"time":0},{"time":0.8333},{"time":1.6666},{"time":2.4999},{"time":3.3332}]},"ach":{"rotate":[{"time":0,"angle":0},{"time":0.8333,"angle":3.39},{"time":1.6666,"angle":0},{"time":2.4999,"angle":3.39},{"time":3.3332,"angle":0}],"shear":[{"time":0},{"time":0.8333},{"time":1.6666},{"time":2.4999},{"time":3.3332}]},"áda":{"rotate":[{"time":0,"angle":0},{"time":0.8333,"angle":-79.45},{"time":1.6666,"angle":164.38},{"time":2.4999,"angle":82.19},{"time":3.3332,"angle":0}],"shear":[{"time":0},{"time":0.8333},{"time":1.6666},{"time":2.4999},{"time":3.3332}]}},"slots":{"l2":{"attachment":[{"time":0,"name":""},{"time":0.4167,"name":"l2"},{"time":0.8334,"name":""},{"time":1.2501,"name":"l2"},{"time":1.6668,"name":""},{"time":2.0835,"name":"l2"},{"time":2.5002,"name":""},{"time":2.9169,"name":"l2"},{"time":3.3336,"name":""}]},"l1":{"attachment":[{"time":0,"name":"l1"},{"time":0.4167,"name":""},{"time":0.8334,"name":"l1"},{"time":1.2501,"name":""},{"time":1.6668,"name":"l1"},{"time":2.0835,"name":""},{"time":2.5002,"name":"l1"},{"time":2.9169,"name":""},{"time":3.3336,"name":"l1"}]},"Comp 1_00003":{"attachment":[{"time":0,"name":""},{"time":0.8333,"name":"Comp 1_00003"},{"time":0.9583,"name":""}]},"Comp 1_00004":{"attachment":[{"time":0,"name":""},{"time":0.9167,"name":"Comp 1_00004"},{"time":1.0417,"name":""}]},"Comp 1_00005":{"attachment":[{"time":0,"name":""},{"time":1,"name":"Comp 1_00005"},{"time":1.125,"name":""}]},"Comp 1_00006":{"attachment":[{"time":0,"name":""},{"time":1.0833,"name":"Comp 1_00006"},{"time":1.2083,"name":""}]},"Comp 1_00007":{"attachment":[{"time":0,"name":""},{"time":1.1667,"name":"Comp 1_00007"},{"time":1.2917,"name":""}]},"Comp 1_00008":{"attachment":[{"time":0,"name":""},{"time":1.25,"name":"Comp 1_00008"},{"time":1.375,"name":""}]},"Comp 1_00009":{"attachment":[{"time":0,"name":""},{"time":1.3333,"name":"Comp 1_00009"},{"time":1.4583,"name":""}]},"Comp 1_00010":{"attachment":[{"time":0,"name":""},{"time":1.4167,"name":"Comp 1_00010"},{"time":1.5417,"name":""}]},"Comp 1_00011":{"attachment":[{"time":0,"name":""},{"time":1.5,"name":"Comp 1_00011"},{"time":1.625,"name":""}]}}}}},[0]]],0,0,[0],[-1],[0]]